{
  "energy": -1.1903662202884795,
  "spectral": 4.137814035413279,
  "fairness": 1.0,
  "weight_fairness": 5.333333333333334,
  "entropy": 1.0114042647043517,
  "alpha": [
    5.343316447246458,
    1.663986320802778,
    4.776069639556735
  ],
  "segments": [
    [
      1,
      2,
      3
    ],
    [
      4
    ],
    [
      5,
      0
    ]
  ],
  "multiplicative_penalty": 0.6180784250714321
}